"date","close","sma_20","z_score","signal"
"2022-01-03","178.6456756591797","178.6456756591797","0","HOLD"
"2022-01-04","176.37832641601562","177.51200103759766","-1","HOLD"
"2022-01-05","171.6866912841797","175.57023111979166","-1.3401278044464715","BUY"
"2022-01-06","168.82069396972656","173.8828468322754","-1.3140644542463393","BUY"
"2022-01-07","168.98751831054688","172.90378112792968","-0.988175183614151","HOLD"
"2022-01-10","169.00718688964844","172.2543487548828","-0.8329492581330532","HOLD"
"2022-01-11","171.84375","172.19569178989954","-0.09743499894996215","HOLD"
"2022-01-12","172.2854461669922","172.20691108703613","0.02324272539140944","HOLD"
"2022-01-13","169.00718688964844","171.85138617621527","-0.8514018327909926","HOLD"
"2022-01-14","169.8709259033203","171.6533401489258","-0.5527911101614403","HOLD"
"2022-01-18","166.66136169433594","171.19952392578125","-1.3375897227812386","BUY"
"2022-01-19","163.15733337402344","170.52934137980142","-1.8729530329572477","BUY"
"2022-01-20","161.46913146972656","169.83240215594952","-1.8640664613328721","BUY"
"2022-01-21","159.40794372558594","169.08779798235213","-1.9020666619749313","BUY"
"2022-01-24","158.63255310058594","168.39078165690105","-1.7533587605564072","BUY"
"2022-01-25","156.8265380859375","167.66801643371582","-1.785366349232889","BUY"
"2022-01-26","156.73825073242188","167.02508903952207","-1.6003245938471398","BUY"
"2022-01-27","156.27691650390625","166.42796834309897","-1.5118071633930692","BUY"
"2022-01-28","167.18157958984375","166.46763209292763","0.10920644156432247","HOLD"
"2022-01-31","171.54930114746094","166.7217155456543","0.7464269984864901","HOLD"
"2022-02-01","171.38246154785156","166.3585548400879","0.8411236887018184","HOLD"
"2022-02-02","172.58970642089844","166.16912384033202","1.1251954602164498","SELL"
"2022-02-03","169.7040252685547","166.0699905395508","0.6459201206363289","HOLD"
"2022-02-04","169.41903686523438","166.09990768432618","0.5882632334937486","HOLD"
"2022-02-07","168.70164489746094","166.0856140136719","0.46422408837760754","HOLD"
"2022-02-08","171.81698608398438","166.22610397338866","0.9739525395765475","HOLD"
"2022-02-09","173.2420196533203","166.2960174560547","1.1942079132818741","SELL"
"2022-02-10","169.15370178222656","166.1394302368164","0.529384004332831","HOLD"
"2022-02-11","165.73367309570312","165.97575454711915","-0.04280038130757299","HOLD"
"2022-02-14","165.96954345703125","165.7806854248047","0.03381408560804939","HOLD"
"2022-02-15","169.81214904785156","165.93822479248047","0.6854263548675432","HOLD"
"2022-02-16","169.57627868652344","166.25917205810546","0.5853321146613527","HOLD"
"2022-02-17","165.96954345703125","166.48419265747071","-0.09255053724562284","HOLD"
"2022-02-18","164.416748046875","166.73463287353516","-0.4336540070084526","HOLD"
"2022-02-22","161.48814392089844","166.87741241455078","-1.0440939286959774","BUY"
"2022-02-23","157.31138610839844","166.90165481567382","-1.8748061804510048","BUY"
"2022-02-24","159.93533325195312","167.0615089416504","-1.47306487346718","BUY"
"2022-02-25","162.00900268554688","167.3481132507324","-1.23197190657903","BUY"
"2022-02-28","162.27432250976562","167.1027503967285","-1.0794713641098181","BUY"
"2022-03-01","160.38743591308594","166.54465713500977","-1.3448315637896686","BUY"
"2022-03-02","163.6894989013672","166.16000900268554","-0.5517133437263184","HOLD"
"2022-03-03","163.36520385742188","165.69878387451172","-0.5475678963258648","HOLD"
"2022-03-04","160.35791015625","165.2314781188965","-1.1310043758734367","BUY"
"2022-03-07","156.55467224121094","164.5882598876953","-1.7513282960126377","BUY"
"2022-03-08","154.7266845703125","163.8895118713379","-1.848526561690236","BUY"
"2022-03-09","160.1417236328125","163.3057487487793","-0.6778243358067546","HOLD"
"2022-03-10","155.7880859375","162.43305206298828","-1.527796343354684","BUY"
"2022-03-11","152.0634002685547","161.5785369873047","-2.061455301387025","BUY"
"2022-03-14","148.0242156982422","160.69306411743165","-2.3589117547246787","BUY"
"2022-03-15","152.4171905517578","160.01544647216798","-1.3777040387048005","BUY"
"2022-03-16","156.8396453857422","159.3668212890625","-0.4984871026259018","HOLD"
"2022-03-17","157.85186767578125","158.78060073852538","-0.20632796164551448","HOLD"
"2022-03-18","161.15396118164062","158.53982162475586","0.6178627411796","HOLD"
"2022-03-21","162.5298309326172","158.44547576904296","0.9917387285444917","HOLD"
"2022-03-22","165.91058349609375","158.66659774780274","1.6516735668621345","SELL"
"2022-03-23","167.27659606933594","159.16485824584962","1.706235551996495","SELL"
"2022-03-24","171.07009887695312","159.72159652709962","2.0947877509896133","SELL"
"2022-03-25","171.7089080810547","160.206591796875","1.9160629193013914","SELL"
"2022-03-28","172.57374572753906","160.72156295776367","1.8031362103443795","SELL"
"2022-03-29","175.8758544921875","161.49598388671876","1.955352645018592","SELL"
"2022-03-30","174.70632934570312","162.04682540893555","1.6043396440694426","SELL"
"2022-03-31","171.60081481933594","162.45860595703124","1.1204831597932197","SELL"
"2022-04-01","171.30593872070312","163.0060073852539","0.9922762976748413","HOLD"
"2022-04-04","175.36480712890625","163.94651412963867","1.3216738678364857","SELL"
"2022-04-05","172.04302978515625","164.81233139038085","0.846784084028435","HOLD"
"2022-04-06","168.86868286132812","165.24867935180663","0.42527611162378803","HOLD"
"2022-04-07","169.17335510253906","165.9179428100586","0.39389903667807563","HOLD"
"2022-04-08","167.15869140625","166.67270736694337","0.06369583634128126","HOLD"
"2022-04-11","162.8934783935547","167.416170501709","-0.7064435377026081","HOLD"
"2022-04-12","164.7705841064453","168.03384017944336","-0.5987241830825328","HOLD"
"2022-04-13","167.4633331298828","168.56502456665038","-0.2288499299790393","HOLD"
"2022-04-14","162.44140625","168.79450149536132","-1.4476808442581233","BUY"
"2022-04-18","162.2252197265625","168.84806442260742","-1.5400037449171595","BUY"
"2022-04-19","164.51502990722656","168.94732437133788","-1.0617216616987561","BUY"
"2022-04-20","164.3479461669922","168.86919250488282","-1.0651340608151647","BUY"
"2022-04-21","163.55194091796875","168.68295974731444","-1.1688543856042024","BUY"
"2022-04-22","159.00172424316406","168.079541015625","-1.8803282843621092","BUY"
"2022-04-25","160.0729522705078","167.49774322509765","-1.469876517246781","BUY"
"2022-04-26","154.09771728515625","166.5739418029785","-2.19347487001712","BUY"
"2022-04-27","153.87168884277344","165.4737335205078","-1.9644003533466683","BUY"
"2022-04-28","160.81983947753906","164.7794090270996","-0.708633386957468","HOLD"
"2022-04-29","154.93304443359375","163.9460205078125","-1.5678213650013464","BUY"
"2022-05-02","155.23776245117188","163.14261169433593","-1.3660423874092198","BUY"
"2022-05-03","156.7315216064453","162.2109474182129","-1.0505612593249813","BUY"
"2022-05-04","163.15882873535156","161.76673736572266","0.29533676607350023","HOLD"
"2022-05-05","154.0682373046875","161.02671508789064","-1.4798038770176383","BUY"
"2022-05-06","154.79656982421875","160.3078758239746","-1.2257271997962018","BUY"
"2022-05-09","149.65895080566406","159.43288879394532","-2.048053135680482","BUY"
"2022-05-10","152.0702667236328","158.89172821044923","-1.3755159716107288","BUY"
"2022-05-11","144.186767578125","157.8625373840332","-2.394538429944314","BUY"
"2022-05-12","140.30897521972656","156.50481948852538","-2.5118921153018037","BUY"
"2022-05-13","144.78713989257812","155.6221061706543","-1.5993327756630746","BUY"
"2022-05-16","143.24191284179688","154.672940826416","-1.6089069404847474","BUY"
"2022-05-17","146.88351440429688","153.79136505126954","-0.9981858240114311","HOLD"
"2022-05-18","138.59646606445312","152.50379104614257","-1.9247838596255276","BUY"
"2022-05-19","135.18125915527344","151.08525695800782","-2.0688674700267415","BUY"
"2022-05-20","135.41746520996094","149.90604400634766","-1.7721199628286801","BUY"
"2022-05-23","140.85031127929688","148.9449119567871","-1.0051513123688136","BUY"
"2022-05-24","138.14373779296875","148.14721298217773","-1.2067097242657523","BUY"
"2022-05-25","138.3011932373047","147.3686882019043","-1.0736615373282468","BUY"
"2022-05-26","141.50973510742188","146.40318298339844","-0.6162124781851523","HOLD"
"2022-05-27","147.27716064453125","146.0203887939453","0.16318147149320375","HOLD"
"2022-05-31","146.48983764648438","145.58299255371094","0.12240408932055094","HOLD"
"2022-06-01","146.36187744140625","145.06451034545898","0.1864167122065179","HOLD"
"2022-06-02","148.8223876953125","144.34768829345703","0.787869162922289","HOLD"
"2022-06-03","143.08447265625","143.79850006103516","-0.13663151940628157","HOLD"
"2022-06-06","143.83245849609375","143.25029449462892","0.12715355848109544","HOLD"
"2022-06-07","146.36187744140625","143.085440826416","0.7445404285440875","HOLD"
"2022-06-08","145.62371826171875","142.76311340332032","0.7254878968381232","HOLD"
"2022-06-09","140.38772583007812","142.57316131591796","-0.5516944371834765","HOLD"
"2022-06-10","134.96475219726562","142.30595016479492","-1.7180358183130104","BUY"
"2022-06-13","129.79762268066406","141.5564743041992","-2.34185870776275","BUY"
"2022-06-14","130.66371154785156","140.92756423950195","-1.855236139009313","BUY"
"2022-06-15","133.29156494140625","140.24796676635742","-1.243662524025085","BUY"
"2022-06-16","128.00636291503906","139.7184616088867","-1.8909401456743036","BUY"
"2022-06-17","129.48268127441406","139.43353271484375","-1.5265493103746675","BUY"
"2022-06-21","133.72462463378906","139.34889068603516","-0.854645496074789","HOLD"
"2022-06-22","133.2128448486328","138.96701736450194","-0.8584381426682799","HOLD"
"2022-06-23","136.08673095703125","138.8641670227051","-0.41265560468721585","HOLD"
"2022-06-24","139.42320251464844","138.92026748657227","0.07472599512395361","HOLD"
"2022-06-27","139.42320251464844","138.8159408569336","0.09056081613895134","HOLD"
"2022-06-28","135.2698516845703","138.21557540893554","-0.4564226576551395","HOLD"
"2022-06-29","137.0315704345703","137.74266204833984","-0.11523820771014816","HOLD"
"2022-06-30","134.5612030029297","137.15262832641602","-0.4410657371581505","HOLD"
"2022-07-01","136.73629760742188","136.54832382202147","0.03594052030462749","HOLD"
"2022-07-05","139.32476806640625","136.3603385925293","0.5862593664214651","HOLD"
"2022-07-06","140.6632843017578","136.2018798828125","0.9168637530336373","HOLD"
"2022-07-07","144.03912353515625","136.0857421875","1.7123367732555803","SELL"
"2022-07-08","144.71824645996094","136.04046859741212","1.905063903058646","SELL"
"2022-07-11","142.5824737548828","136.15020599365235","1.3734898174902204","SELL"
"2022-07-12","143.55686950683594","136.57981185913087","1.4118837261017434","SELL"
"2022-07-13","143.19273376464844","137.24956741333008","1.2167455400356297","SELL"
"2022-07-14","146.1256561279297","138.02266464233398","1.619593977663873","SELL"
"2022-07-15","147.79881286621094","138.7480270385742","1.705439825280073","SELL"
"2022-07-18","144.74777221679688","139.5850975036621","1.0651066260320108","SELL"
"2022-07-19","148.61570739746094","140.54174880981446","1.7390993914850261","SELL"
"2022-07-20","150.6234893798828","141.38669204711914","1.9014329112382444","SELL"
"2022-07-21","152.89703369140625","142.37090148925782","2.0677890517648447","SELL"
"2022-07-22","151.6569366455078","143.14941177368163","1.618080152302258","SELL"
"2022-07-25","150.534912109375","143.70499725341796","1.260296550395369","SELL"
"2022-07-26","149.20623779296875","144.19414901733398","0.9192865165553115","HOLD"
"2022-07-27","154.31430053710938","145.14637145996093","1.675001756680803","SELL"
"2022-07-28","154.86546325683594","146.0380661010742","1.5959492843111605","SELL"
"2022-07-29","159.9439697265625","147.30720443725585","2.231605125243829","SELL"
"2022-08-01","158.95973205566406","148.41837615966796","1.8625176103348438","SELL"
"2022-08-02","157.4834442138672","149.32630996704103","1.4607747036939593","SELL"
"2022-08-03","163.50685119628906","150.46848831176757","2.1676553626704704","SELL"
"2022-08-04","163.19187927246094","151.4261260986328","1.8310358321173226","SELL"
"2022-08-05","162.9652099609375","152.33847427368164","1.5865139010292366","SELL"
"2022-08-08","162.49209594726562","153.33395538330078","1.3764204942674716","SELL"
"2022-08-09","162.54136657714844","154.2831802368164","1.2618803870784219","SELL"
"2022-08-10","166.79908752441406","155.4634979248047","1.7262970415517094","SELL"
"2022-08-11","166.05990600585938","156.46021041870117","1.4575331486578629","SELL"
"2022-08-12","169.61781311035156","157.5511604309082","1.7583481994412962","SELL"
"2022-08-15","170.692138671875","158.8483787536621","1.7491410024794003","SELL"
"2022-08-16","170.53439331054688","159.9443130493164","1.5573535777079726","SELL"
"2022-08-17","172.03248596191406","161.01476287841797","1.5893261645430135","SELL"
"2022-08-18","171.6382598876953","161.95182418823242","1.3763935379050303","SELL"
"2022-08-19","169.0461883544922","162.82128677368163","0.9179275870110449","HOLD"
"2022-08-22","165.15318298339844","163.5522003173828","0.25910656898508844","HOLD"
"2022-08-23","164.8180389404297","164.33279037475586","0.09277183375608448","HOLD"
"2022-08-24","165.11373901367188","164.87276229858398","0.05128421842242849","HOLD"
"2022-08-25","167.57766723632812","165.50837249755858","0.5013811267624805","HOLD"
"2022-08-26","161.26011657714844","165.57417984008788","-1.0658145589891177","BUY"
"2022-08-29","159.05245971679688","165.57881622314454","-1.6153809016277376","BUY"
"2022-08-30","156.61807250976562","165.53554763793946","-2.1590740284117276","BUY"
"2022-08-31","154.95242309570312","165.10782623291016","-2.151964013601423","BUY"
"2022-09-01","155.68179321289062","164.73232192993163","-1.7618515691346943","BUY"
"2022-09-02","153.5627899169922","164.26220092773437","-1.8840920753742247","BUY"
"2022-09-06","152.30123901367188","163.75265808105468","-1.834026703603267","BUY"
"2022-09-07","153.71063232421875","163.3111213684082","-1.451297051505265","BUY"
"2022-09-08","152.2322540283203","162.58277969360353","-1.482312018744322","BUY"
"2022-09-09","155.10028076171875","162.0347984313965","-0.9743513873852206","HOLD"
"2022-09-12","161.07284545898438","161.60755004882813","-0.07746806435807485","HOLD"
"2022-09-13","151.62120056152344","160.65400314331055","-1.3093522612658153","BUY"
"2022-09-14","153.06997680664062","159.78078231811523","-1.0023494240642055","BUY"
"2022-09-15","150.17236328125","158.68777618408203","-1.3341167896563253","BUY"
"2022-09-16","148.52647399902344","157.53218688964844","-1.4971782306026986","BUY"
"2022-09-19","152.25193786621094","156.69247436523438","-0.8074765049186272","HOLD"
"2022-09-20","154.63705444335938","156.16666793823242","-0.2965925671709834","HOLD"
"2022-09-21","151.50291442871094","155.50091171264648","-0.824730638034695","HOLD"
"2022-09-22","150.53704833984375","154.77207717895507","-0.9570817646681865","HOLD"
"2022-09-23","148.26034545898438","153.80621109008788","-1.564347980692074","BUY"
"2022-09-26","148.595458984375","153.17297821044923","-1.3963416925843064","BUY"
"2022-09-27","149.57118225097656","152.69891433715821","-1.0178693291008358","BUY"
"2022-09-28","147.67884826660156","152.251953125","-1.4657290406433365","BUY"
"2022-09-29","140.42503356933594","151.52558364868165","-2.7894624004734894","BUY"
"2022-09-30","136.2067413330078","150.5518310546875","-2.826513638328308","BUY"
"2022-10-03","140.39544677734375","149.8934638977051","-1.733272372150264","BUY"
"2022-10-04","143.99281311035156","149.47804260253906","-0.9803364469633948","HOLD"
"2022-10-05","144.28848266601562","149.0069351196289","-0.8402297956487926","HOLD"
"2022-10-06","143.33250427246094","148.56194763183595","-0.9183292143634092","HOLD"
"2022-10-07","138.06948852539062","147.71040802001954","-1.627996694736928","BUY"
"2022-10-10","138.39471435546875","146.57650146484374","-1.5142333690802001","BUY"
"2022-10-11","136.97552490234375","145.84421768188477","-1.5678909096079188","BUY"
"2022-10-12","136.3447265625","145.00795516967773","-1.5035818556018095","BUY"
"2022-10-13","140.9276885986328","144.54572143554688","-0.6348137814835191","HOLD"
"2022-10-14","136.38417053222656","143.93860626220703","-1.283322100181852","BUY"
"2022-10-17","140.35604858398438","143.34381179809571","-0.5324712542241743","HOLD"
"2022-10-18","141.67672729492188","142.69579544067383","-0.20452291712231466","HOLD"
"2022-10-19","141.78512573242188","142.20990600585938","-0.09324237493912219","HOLD"
"2022-10-20","141.3218994140625","141.7491485595703","-0.10327720576831938","HOLD"
"2022-10-21","145.14596557617188","141.5934295654297","0.900981203219091","HOLD"
"2022-10-24","147.2944793701172","141.52838058471679","1.5030768132051278","SELL"
"2022-10-25","150.142822265625","141.5569625854492","2.202828926893546","SELL"
"2022-10-26","147.19595336914062","141.53281784057617","1.4667623932324845","SELL"
"2022-10-27","142.71156311035156","141.64714431762695","0.27573225700924664","HOLD"
"2022-10-28","153.4938201904297","142.51149826049806","2.474829308773163","SELL"
"2022-10-31","151.12838745117188","143.04814529418945","1.6887787346150755","SELL"
"2022-11-01","148.47718811035156","143.27236404418946","1.0564635693679862","SELL"
"2022-11-02","142.93824768066406","143.20485229492186","-0.05417130596256864","HOLD"
"2022-11-03","136.87696838378906","142.88207550048827","-1.175026780439802","BUY"
"2022-11-04","136.6104278564453","142.80912246704102","-1.1946735012737468","BUY"
"2022-11-07","137.1435089111328","142.7465621948242","-1.0675219807535616","BUY"
"2022-11-08","137.7161102294922","142.78359146118163","-0.9725927641688389","HOLD"
"2022-11-09","133.14529418945312","142.6236198425293","-1.7394110532206524","BUY"
"2022-11-10","144.99183654785156","142.82682723999022","0.3966746139998062","HOLD"
"2022-11-11","147.78564453125","143.39690093994142","0.8203938211474815","HOLD"
"2022-11-14","146.3837890625","143.6982879638672","0.5029463684676899","HOLD"
"2022-11-15","148.12130737304688","144.02051696777343","0.7591368687170699","HOLD"
"2022-11-16","146.88726806640625","144.27562408447267","0.4826734257245049","HOLD"
"2022-11-17","148.79261779785156","144.6491600036621","0.760030271303386","HOLD"
"2022-11-18","149.35531616210938","144.859627532959","0.8104379351357408","HOLD"
"2022-11-21","146.1172637939453","144.8007667541504","0.23818105314950905","HOLD"
"2022-11-22","148.25950622558594","144.70660095214845","0.6517897140793393","HOLD"
"2022-11-23","149.1381378173828","144.80371017456054","0.7864409903273957","HOLD"
"2022-11-25","146.2159881591797","144.97893142700195","0.22500788178107295","HOLD"
"2022-11-28","142.37571716308594","144.42302627563475","-0.39672618754293887","HOLD"
"2022-11-29","139.36473083496094","143.83484344482423","-0.8884232063846028","HOLD"
"2022-11-30","146.1370086669922","143.71783447265625","0.4888481799237298","HOLD"
"2022-12-01","146.41343688964844","143.89159393310547","0.5064739010560608","HOLD"
"2022-12-02","145.91981506347656","144.34373626708984","0.3335021282057648","HOLD"
"2022-12-05","144.75489807128906","144.75095977783204","0.000899115945497809","HOLD"
"2022-12-06","141.08245849609375","144.9479072570801","-0.9395435510616154","HOLD"
"2022-12-07","139.13768005371094","145.01898574829102","-1.4705840100669023","BUY"
"2022-12-08","140.82579040527344","145.40301055908202","-1.4714146833574544","BUY"
"2022-12-09","140.34207153320312","145.1705223083496","-1.46283190321941","BUY"
"2022-12-12","142.64227294921875","144.91335372924806","-0.6908596339262768","HOLD"
"2022-12-13","143.6097412109375","144.77465133666993","-0.3550609086753395","HOLD"
"2022-12-14","141.378662109375","144.43751907348633","-0.9365604585290778","HOLD"
"2022-12-15","134.7544403076172","143.83087768554688","-2.3683556564626085","BUY"
"2022-12-16","132.7898712158203","143.0307403564453","-2.3549285415218795","BUY"
"2022-12-19","130.67726135253906","142.0968376159668","-2.3472341358200035","BUY"
"2022-12-20","130.60813903808594","141.32138137817384","-1.9942400066528285","BUY"
"2022-12-21","133.7178497314453","140.59429855346679","-1.2810273156316927","BUY"
"2022-12-22","130.53904724121094","139.6643440246582","-1.6842400319911843","BUY"
"2022-12-23","130.17379760742188","138.86223449707032","-1.558750330795969","BUY"
"2022-12-27","128.36717224121094","138.16180725097655","-1.644620242664428","BUY"
"2022-12-28","124.42822265625","137.41498184204102","-1.951866526870758","BUY"
"2022-12-29","127.95255279541016","136.50575904846193","-1.287752796394852","BUY"
"2022-12-30","128.26846313476562","135.59851036071777","-1.134063912048935","BUY"
"2023-01-03","123.47061920166016","134.47605056762694","-1.6872626247482814","BUY"
"2023-01-04","124.7441177368164","133.47551155090332","-1.3636689070882784","BUY"
"2023-01-05","123.4212417602539","132.59245071411132","-1.408821531052786","BUY"
"2023-01-06","127.96241760253906","132.03368759155273","-0.6358587638350369","HOLD"
"2023-01-09","128.4856414794922","131.41668014526368","-0.47940814048134134","HOLD"
"2023-01-10","129.0582275390625","130.85248794555665","-0.31066909155934236","HOLD"
"2023-01-11","131.78294372558594","130.309521484375","0.2881066289474135","HOLD"
"2023-01-12","131.70394897460938","129.7142318725586","0.48183171454312124","HOLD"
"2023-01-13","133.03671264648438","129.29713439941406","1.1471056886488353","SELL"
"2023-01-17","134.2016143798828","129.26949310302734","1.5337796241503767","SELL"
"2023-01-18","133.48097229003906","129.30404815673828","1.2825400065845187","SELL"
"2023-01-19","133.5401611328125","129.44719314575195","1.2128210822969776","SELL"
"2023-01-20","136.10693359375","129.72213287353514","1.7400724798296212","SELL"
"2023-01-23","139.30548095703125","130.00151443481445","2.244739992578389","SELL"
"2023-01-24","140.70733642578125","130.50992889404296","2.1432847569753397","SELL"
"2023-01-25","140.0458984375","131.00353393554687","1.7423188632843554","SELL"
"2023-01-26","142.1190643310547","131.69112854003907","1.8350644599557444","SELL"
"2023-01-27","144.06385803222656","132.67291030883788","1.889465204289093","SELL"
"2023-01-30","141.17135620117188","133.33385047912597","1.2646894154742914","SELL"
"2023-01-31","142.44483947753906","134.04266929626465","1.315891532506928","SELL"
"2023-02-01","143.5702362060547","135.0476501464844","1.369799143028263","SELL"
"2023-02-02","148.8913116455078","136.25500984191893","1.9608963911869142","SELL"
"2023-02-03","152.52426147460938","137.7101608276367","2.2230093274544336","SELL"
"2023-02-06","149.78968811035156","138.80152435302733","1.6243159693045408","SELL"
"2023-02-07","152.67233276367188","140.01085891723633","1.8162280411611131","SELL"
"2023-02-08","149.9772491455078","141.0568099975586","1.3085299259789036","SELL"
"2023-02-09","148.94068908691406","141.914697265625","1.0527079489038147","SELL"
"2023-02-10","149.3065185546875","142.7948257446289","1.0133852391009999","SELL"
"2023-02-13","152.11448669433594","143.74871444702148","1.3233855696974781","SELL"
"2023-02-14","151.4718017578125","144.61222381591796","1.1180707890248023","SELL"
"2023-02-15","153.5778045654297","145.6170654296875","1.3562167780731755","SELL"
"2023-02-16","151.97605895996094","146.53886032104492","1.021455052428151","SELL"
"2023-02-17","150.82916259765625","147.27497177124025","0.736764580871387","HOLD"
"2023-02-21","146.80503845214844","147.6499496459961","-0.18908738141666312","HOLD"
"2023-02-22","147.230224609375","147.9760940551758","-0.17850756825551378","HOLD"
"2023-02-23","147.71469116210938","148.35953369140626","-0.17130020426519105","HOLD"
"2023-02-24","145.05502319335938","148.50633163452147","-0.9666364189235509","HOLD"
"2023-02-27","146.25137329101562","148.61570739746094","-0.6824256270206034","HOLD"
"2023-02-28","145.74713134765625","148.84449615478516","-1.0001052188889294","BUY"
"2023-03-01","143.6708221435547","148.90579528808593","-1.7568945624256231","BUY"
"2023-03-02","144.26406860351562","148.94048690795898","-1.601069482903473","BUY"
"2023-03-03","149.32627868652344","148.96223526000978","0.12458787804771007","HOLD"
"2023-03-06","152.0947265625","148.9407585144043","1.088628346233699","SELL"
"2023-03-07","149.8898468017578","148.9457664489746","0.3256860355668755","HOLD"
"2023-03-08","151.14553833007812","148.86942672729492","0.8075343805378452","HOLD"
"2023-03-09","148.89125061035156","148.81512680053712","0.02711766739612706","HOLD"
"2023-03-10","146.82484436035156","148.70933456420897","-0.6635255291216164","HOLD"
"2023-03-13","148.77261352539062","148.68263931274413","0.0317158382628454","HOLD"
"2023-03-14","150.8686981201172","148.6203498840332","0.8105587885755295","HOLD"
"2023-03-15","151.26417541503906","148.60996856689454","0.9604501203802627","HOLD"
"2023-03-16","154.09190368652344","148.63567352294922","1.9406379068930706","SELL"
"2023-03-17","153.25148010253906","148.69944458007814","1.5698347399565216","SELL"
"2023-03-20","155.6244354248047","148.93920822143554","2.060976277575762","SELL"
"2023-03-21","157.4832305908203","149.47311782836914","2.1673559396880617","SELL"
"2023-03-22","156.04957580566406","149.9140853881836","1.5647158227195648","SELL"
"2023-03-23","157.1371612548828","150.38520889282228","1.6130918756612382","SELL"
"2023-03-24","158.44229125976562","151.05457229614257","1.6994493495250138","SELL"
"2023-03-27","156.49452209472656","151.5667297363281","1.1316659541293235","SELL"
"2023-03-28","155.87159729003906","152.07295303344728","0.896888668043891","HOLD"
"2023-03-29","158.9564208984375","152.8372329711914","1.520632062082805","SELL"
"2023-03-30","160.52847290039062","153.65045318603515","1.7869555491087754","SELL"
"2023-03-31","163.03982543945312","154.33613052368165","2.06193943434104","SELL"
"2023-04-03","164.29550170898438","154.94616928100587","1.9863456110644158","SELL"
"2023-04-04","163.7615966796875","155.63975677490234","1.648270620072759","SELL"
"2023-04-05","161.91265869140625","156.17811279296876","1.148105834980425","SELL"
"2023-04-06","162.8025360107422","156.8736770629883","1.2101392059697604","SELL"
"2023-04-10","160.20220947265625","157.54254531860352","0.6091924091429715","HOLD"
"2023-04-11","158.986083984375","158.05321884155273","0.2403942594805944","HOLD"
"2023-04-12","158.29397583007812","158.4244827270508","-0.03714699583792808","HOLD"
"2023-04-13","163.69235229492188","159.04589157104493","1.4151288338529804","SELL"
"2023-04-14","163.34634399414062","159.50861358642578","1.1978689746709474","SELL"
"2023-04-17","163.36611938476562","160.01434555053712","1.1302045390335878","SELL"
"2023-04-18","164.5921173095703","160.46272964477538","1.4017528524606497","SELL"
"2023-04-19","165.739013671875","160.87551879882812","1.5816040035998864","SELL"
"2023-04-20","164.77011108398438","161.31154556274413","1.1619504273000532","SELL"
"2023-04-21","163.15847778320312","161.61261138916015","0.5442281303320533","HOLD"
"2023-04-24","163.46498107910156","161.86374588012694","0.5780125213217244","HOLD"
"2023-04-25","161.92257690429688","162.13514862060546","-0.08565222785491161","HOLD"
"2023-04-26","161.91265869140625","162.43720169067382","-0.25877048616788684","HOLD"
"2023-04-27","166.51025390625","162.81489334106445","1.8052990805291613","SELL"
"2023-04-28","167.76588439941406","163.17676391601563","2.0475534752663394","SELL"
"2023-05-01","167.6769256591797","163.40861892700195","1.7452696517383004","SELL"
"2023-05-02","166.6387481689453","163.52578125","1.2257483415318846","SELL"
"2023-05-03","165.5610809326172","163.6157554626465","0.7545890905078989","HOLD"
"2023-05-04","163.91978454589844","163.7161117553711","0.07991426691408968","HOLD"
"2023-05-05","171.612060546875","164.15658798217774","2.434671641312841","SELL"
"2023-05-08","171.54281616210938","164.7236183166504","2.0559196121525516","SELL"
"2023-05-09","169.8323211669922","165.26593017578125","1.4182681545204696","SELL"
"2023-05-10","171.6021270751953","165.93133773803712","1.839785878701233","SELL"
"2023-05-11","171.7899932861328","166.33621978759766","1.6593582535756055","SELL"
"2023-05-12","170.85931396484375","166.7118682861328","1.237240012288264","SELL"
"2023-05-15","170.36427307128906","167.061775970459","0.9858443387811103","HOLD"
"2023-05-16","170.36427307128906","167.35038375854492","0.8934596602492368","HOLD"
"2023-05-17","170.9781036376953","167.61233825683593","0.9782140466155931","HOLD"
"2023-05-18","173.31471252441406","168.03956832885743","1.4699754360613606","SELL"
"2023-05-19","173.42364501953125","168.55282669067384","1.3575836305579527","SELL"
"2023-05-22","172.47315979003906","169.00323562622071","0.9957241215433347","HOLD"
"2023-05-23","169.8593292236328","169.4000732421875","0.1488740060647423","HOLD"
"2023-05-24","170.13653564453125","169.81126708984374","0.1268862924858511","HOLD"
"2023-05-25","171.275146484375","170.04951171875","0.4971871184166334","HOLD"
"2023-05-26","173.69094848632812","170.34576492309571","1.3231898570574037","SELL"
"2023-05-30","175.54241943359375","170.7390396118164","1.786290602839887","SELL"
"2023-05-31","175.492919921875","171.1817481994629","1.592996546875912","SELL"
"2023-06-01","178.3047637939453","171.8189323425293","2.311144422200366","SELL"
"2023-06-02","179.15621948242188","172.58075408935548","2.5092312949401134","SELL"
"2023-06-05","177.79981994628906","172.89014205932617","1.7265387314392076","SELL"
"2023-06-06","177.43348693847656","173.18467559814454","1.420939594186479","SELL"
"2023-06-07","176.05728149414062","173.49592361450195","0.8686435879098596","HOLD"
"2023-06-08","178.78004455566406","173.85481948852538","1.5746942685718912","SELL"
"2023-06-09","179.1661376953125","174.22362670898437","1.5009016986859591","SELL"
"2023-06-12","181.9680938720703","174.7790657043457","1.9963032644936949","SELL"
"2023-06-13","181.49282836914062","175.3354934692383","1.6492713921531323","SELL"
"2023-06-14","182.12649536132812","175.92360458374023","1.6199134453509114","SELL"
"2023-06-15","184.16607666015625","176.58300323486327","1.8724153092726006","SELL"
"2023-06-16","183.08688354492188","177.07161178588868","1.4280124147787203","SELL"
"2023-06-20","183.17599487304688","177.55922927856446","1.2987368961082757","SELL"
"2023-06-21","182.1363983154297","178.042391204834","0.959005061427655","HOLD"
"2023-06-22","185.146240234375","178.8067367553711","1.5459732461744384","SELL"
"2023-06-23","184.82943725585938","179.5413818359375","1.3968903935512873","SELL"
"2023-06-26","183.43344116210938","180.14929656982423","0.9768871588907001","HOLD"
"2023-06-27","186.1957550048828","180.77453689575196","1.660923337245888","SELL"
"2023-06-28","187.3739776611328","181.3661148071289","1.8022486789262797","SELL"
"2023-06-29","187.71058654785156","181.97699813842775","1.7266096173129826","SELL"
"2023-06-30","192.04718017578125","182.66411895751952","2.4266453780285113","SELL"
"2023-07-03","190.55213928222656","183.23391494750976","1.768578678346342","SELL"
"2023-07-05","189.43333435058594","183.81559066772462","1.3534120577465072","SELL"
"2023-07-06","189.90858459472656","184.4393455505371","1.3399628691116983","SELL"
"2023-07-07","188.78977966308594","185.0759704589844","1.003812323092296","SELL"
"2023-07-10","186.7403106689453","185.47398376464844","0.37043626045737293","HOLD"
"2023-07-11","186.215576171875","185.82645568847656","0.12558951408982083","HOLD"
"2023-07-12","187.88880920410156","186.12249145507812","0.5894126615694173","HOLD"
"2023-07-13","188.65115356445312","186.48040771484375","0.7627046019097533","HOLD"
"2023-07-14","188.79969787597656","186.81406784057617","0.7344029823672729","HOLD"
"2023-07-17","192.06698608398438","187.20911331176757","1.6981854097600244","SELL"
"2023-07-18","191.80955505371094","187.64524688720704","1.454103751266286","SELL"
"2023-07-19","193.16595458984375","188.14474487304688","1.7245719031953117","SELL"
"2023-07-20","191.21551513671875","188.59870071411132","0.9934990427826325","HOLD"
"2023-07-21","190.03729248046875","188.843253326416","0.4725275066707854","HOLD"
"2023-07-24","190.8392333984375","189.14374313354492","0.7108682775761492","HOLD"
"2023-07-25","191.70065307617188","189.55710372924804","1.0441644774312928","SELL"
"2023-07-26","192.57191467285156","189.87591171264648","1.3476278492990919","SELL"
"2023-07-27","191.3046112060547","190.07244338989258","0.6360624089328523","HOLD"
"2023-07-28","193.8887176513672","190.38134994506837","1.730788782601964","SELL"
"2023-07-31","194.50259399414062","190.50412063598634","1.8246772373632674","SELL"
"2023-08-01","193.6708984375","190.66005859375","1.31043295976539","SELL"
"2023-08-02","190.67095947265625","190.72193984985353","-0.02235667208962323","HOLD"
"2023-08-03","189.27493286132812","190.69025726318358","-0.6164973961412005","HOLD"
"2023-08-04","180.18594360351562","190.26006546020508","-3.1205767377429963","BUY"
"2023-08-07","177.0770721435547","189.77690353393555","-2.9721109407870916","BUY"
"2023-08-08","178.0176544189453","189.36700744628905","-2.2990060353127837","BUY"
"2023-08-09","176.42361450195312","188.79374771118165","-2.176267420146702","BUY"
"2023-08-10","176.2057647705078","188.17147827148438","-1.8956530844364654","BUY"
"2023-08-11","176.2652587890625","187.54475631713868","-1.653766645970751","BUY"
"2023-08-14","177.9209442138672","186.83745422363282","-1.2657128987562982","BUY"
"2023-08-15","175.92816162109375","186.04338455200195","-1.3802037987305178","BUY"
"2023-08-16","175.0557403564453","185.13787384033202","-1.3426019548947097","BUY"
"2023-08-17","172.50778198242188","184.20248718261718","-1.4894970838954587","BUY"
"2023-08-18","172.99359130859375","183.35030212402344","-1.2796921905201242","BUY"
"2023-08-21","174.3319854736328","182.5249397277832","-1.0078740535856183","BUY"
"2023-08-22","175.71005249023438","181.72540969848632","-0.7545595003096489","HOLD"
"2023-08-23","179.56671142578125","181.0751495361328","-0.19896014997017938","HOLD"
"2023-08-24","174.86737060546875","180.2532875061035","-0.736346896760708","HOLD"
"2023-08-25","177.07823181152344","179.41276321411132","-0.3519382795517337","HOLD"
"2023-08-28","178.6446990966797","178.61986846923827","0.004388306827966396","HOLD"
"2023-08-29","182.54098510742188","178.06337280273436","0.9736366654945334","HOLD"
"2023-08-30","186.04071044921875","177.8318603515625","2.0313592074780455","SELL"
"2023-08-31","186.25881958007812","177.6810546875","2.351093461747278","SELL"
"2023-09-01","187.83517456054688","178.06351623535156","2.3028028359877233","SELL"
"2023-09-05","188.0731201171875","178.6133186340332","1.987032643312496","SELL"
"2023-09-06","181.3413543701172","178.7795036315918","0.5342796475029681","HOLD"
"2023-09-07","176.0372314453125","178.76018447875975","-0.5666700184669983","HOLD"
"2023-09-08","176.6519012451172","178.78249130249023","-0.4444010247373193","HOLD"
"2023-09-11","177.82180786132812","178.8603187561035","-0.21792971609896844","HOLD"
"2023-09-12","174.78805541992188","178.70367431640625","-0.8082629733880577","HOLD"
"2023-09-13","172.7159881591797","178.54306564331054","-1.1689111380378052","BUY"
"2023-09-14","174.23284912109375","178.50192108154297","-0.8509289912761604","HOLD"
"2023-09-15","173.5091094970703","178.5519874572754","-1.0163860747412479","BUY"
"2023-09-18","176.44371032714844","178.72449340820313","-0.4728604436299096","HOLD"
"2023-09-19","177.53431701660156","178.88460998535157","-0.2856496471842514","HOLD"
"2023-09-20","173.98500061035156","178.79835739135743","-1.0029044680602959","BUY"
"2023-09-21","172.43836975097656","178.4419403076172","-1.2031149305633229","BUY"
"2023-09-22","173.2909698486328","178.36312026977538","-1.0028271246795644","BUY"
"2023-09-25","174.5699462890625","178.23770599365236","-0.7165152410382176","HOLD"
"2023-09-26","170.48526000976562","177.82973403930663","-1.3630524760641007","BUY"
"2023-09-27","168.96839904785156","177.15110473632814","-1.4605194921456437","BUY"
"2023-09-28","169.22616577148438","176.3103775024414","-1.2961779858550362","BUY"
"2023-09-29","169.74169921875","175.484521484375","-1.1177367566448297","BUY"
"2023-10-02","172.25991821289062","174.70575866699218","-0.5658312306754018","HOLD"
"2023-10-03","170.92147827148438","173.84817657470703","-0.93821712558804","HOLD"
"2023-10-04","172.17068481445312","173.38964309692383","-0.4656083442208766","HOLD"
"2023-10-05","173.40994262695312","173.25827865600587","0.059550969674373955","HOLD"
"2023-10-06","175.96783447265625","173.2240753173828","1.0952075545177336","SELL"
"2023-10-09","177.45497131347656","173.20573348999022","1.7185002268572231","SELL"
"2023-10-10","176.86013793945312","173.3093376159668","1.3773787374651247","SELL"
"2023-10-11","178.25802612304688","173.58643951416016","1.6752903029890758","SELL"
"2023-10-12","179.16024780273438","173.8328094482422","1.7518743803090977","SELL"
"2023-10-13","177.31617736816406","174.02316284179688","1.051225413678153","SELL"
"2023-10-16","177.1873016357422","174.06034240722656","0.9878876775680014","HOLD"
"2023-10-17","175.63075256347656","173.9651641845703","0.5395387218049181","HOLD"
"2023-10-18","174.3319854736328","173.98251342773438","0.1131674251194588","HOLD"
"2023-10-19","173.9552764892578","174.05835876464843","-0.03360134059650202","HOLD"
"2023-10-20","171.3973846435547","173.96367950439452","-0.8228414182141017","HOLD"
"2023-10-23","171.516357421875","173.81100006103514","-0.7261809893799295","HOLD"
"2023-10-24","171.95257568359375","173.88436584472657","-0.6235118175106797","HOLD"
"2023-10-25","169.63265991210938","173.91757888793944","-1.4055707552883643","BUY"
"2023-10-26","165.45877075195312","173.72920913696288","-2.4142628483087076","BUY"
"2023-10-27","166.77734375","173.58099136352538","-1.8631690387414004","BUY"
"2023-10-30","168.82957458496094","173.40947418212892","-1.209149735141306","BUY"
"2023-10-31","169.3054656982422","173.32867355346679","-1.0432204611194669","BUY"
"2023-11-01","172.47804260253906","173.3440414428711","-0.2247892537191522","HOLD"
"2023-11-02","176.0471649169922","173.47590255737305","0.6597441966396358","HOLD"
"2023-11-03","175.13504028320312","173.43426284790038","0.43892160291566606","HOLD"
"2023-11-06","177.6929168701172","173.44616012573243","1.0923932107514545","SELL"
"2023-11-07","180.26072692871094","173.6161895751953","1.6199706136361751","SELL"
"2023-11-08","181.321533203125","173.7693649291992","1.7468361427329568","SELL"
"2023-11-09","180.84564208984375","173.8536346435547","1.57393118171074","SELL"
"2023-11-10","185.04490661621094","174.24007110595704","2.150318641177798","SELL"
"2023-11-13","183.45651245117188","174.55353164672852","1.6543037318913913","SELL"
"2023-11-14","186.0773162841797","175.07585983276368","1.8524062392959153","SELL"
"2023-11-15","186.6431884765625","175.69141998291016","1.6989106807562844","SELL"
"2023-11-16","188.33082580566406","176.41019744873046","1.7051097089655802","SELL"
"2023-11-17","188.3109893798828","177.25587768554686","1.5046104143145946","SELL"
"2023-11-20","190.05816650390625","178.18296813964844","1.5372640204961578","SELL"
"2023-11-21","189.25405883789062","179.04804229736328","1.2846839257508955","SELL"
"2023-11-22","189.91917419433594","180.0623680114746","1.236349214945251","SELL"
"2023-11-24","188.58895874023438","181.21887741088867","0.9920219902064636","HOLD"
"2023-11-27","188.41024780273438","182.3005226135254","0.8990411328811606","HOLD"
"2023-11-28","189.0158233642578","183.30983505249023","0.9214486067938573","HOLD"
"2023-11-29","187.99331665039062","184.24422760009764","0.6990446803082974","HOLD"
"2023-11-30","188.56907653808594","185.048779296875","0.7483348598319749","HOLD"
"2023-12-01","189.84970092773438","185.7389060974121","0.9492470265384005","HOLD"
"2023-12-04","188.05287170410156","186.38479766845703","0.4629537577799844","HOLD"
"2023-12-05","192.0138397216797","187.10084381103516","1.5325779960012638","SELL"
"2023-12-06","190.92185974121094","187.63390045166017","1.135599660784281","SELL"
"2023-12-07","192.85768127441406","188.2107078552246","1.7056766946297441","SELL"
"2023-12-08","194.28721618652344","188.8827865600586","2.1873394812668603","SELL"
"2023-12-11","191.7755889892578","189.21932067871094","1.073206611797428","SELL"
"2023-12-12","193.29449462890625","189.71121978759766","1.670469778969912","SELL"
"2023-12-13","196.52085876464844","190.2333969116211","2.569640836094924","SELL"
"2023-12-14","196.66976928710938","190.73472595214844","2.2176446898194344","SELL"
"2023-12-15","196.13369750976562","191.1248695373535","1.7514259138900048","SELL"
"2023-12-18","194.46588134765625","191.4326141357422","1.056285094038622","SELL"
"2023-12-19","195.50828552246094","191.70512008666992","1.2742414891581821","SELL"
"2023-12-20","193.4136199951172","191.91309814453126","0.508419387661233","HOLD"
"2023-12-21","193.26467895507812","192.08037338256835","0.4044326935255243","HOLD"
"2023-12-22","192.1925506591797","192.26055297851562","-0.02414272502971417","HOLD"
"2023-12-26","191.6465606689453","192.42236862182617","-0.2894260614944626","HOLD"
"2023-12-27","191.74581909179688","192.55886840820312","-0.31626029024220664","HOLD"
"2023-12-28","192.17271423339844","192.76783828735353","-0.2530563250158286","HOLD"
"2023-12-29","191.13031005859375","192.8958999633789","-0.8086707607749912","HOLD"
"2024-01-02","184.29042053222656","192.61793594360353","-2.957488592287168","BUY"
"2024-01-03","182.91053771972656","192.36081924438477","-2.7828711478051953","BUY"
"2024-01-04","180.5875244140625","191.7895034790039","-2.6308437589687417","BUY"
"2024-01-05","179.86282348632812","191.23655166625977","-2.2793566335283146","BUY"
"2024-01-08","184.21099853515625","190.80421752929686","-1.2677260994527864","BUY"
"2024-01-09","183.7940673828125","190.27956008911133","-1.2122132474688545","BUY"
"2024-01-10","184.83642578125","189.93260192871094","-0.9324068223863278","HOLD"
"2024-01-11","184.24078369140625","189.47991638183595","-0.9452124306085011","HOLD"
"2024-01-12","184.56837463378906","188.88229217529297","-0.799792921117912","HOLD"
"2024-01-16","182.29501342773438","188.1635543823242","-1.1147620162686458","BUY"
"2024-01-17","181.35191345214844","187.42446517944336","-1.183859181624419","BUY"
"2024-01-18","187.25868225097656","187.06410522460936","0.039965303838364045","HOLD"
"2024-01-19","190.16738891601562","186.79706039428712","0.7434977657330752","HOLD"
"2024-01-22","192.4804229736328","186.7504005432129","1.2821490188266644","SELL"
"2024-01-23","193.7610626220703","186.7752197265625","1.5502021842572649","SELL"
"2024-01-24","193.08599853515625","186.81989212036132","1.372956951483057","SELL"
"2024-01-25","192.75840759277344","186.87548446655273","1.2709623295623838","SELL"
"2024-01-26","191.02114868164062","186.83925094604493","0.9104642905371243","HOLD"
"2024-01-29","190.3361358642578","186.7474220275879","0.7969470829634179","HOLD"
"2024-01-30","186.67295837402344","186.52455444335936","0.0338087485424724","HOLD"
"2024-01-31","183.05943298339844","186.46300506591797","-0.7684981053018981","HOLD"
"2024-02-01","185.50157165527344","186.59255676269532","-0.2502019110902679","HOLD"
"2024-02-02","184.49888610839844","186.78812484741212","-0.5489424898082664","HOLD"
"2024-02-05","186.31558227539062","187.11076278686522","-0.20600091236643392","HOLD"
"2024-02-06","187.923828125","187.29640426635743","0.16489246210352293","HOLD"
"2024-02-07","188.03302001953125","187.50835189819335","0.14099455549475426","HOLD"
"2024-02-08","186.95094299316406","187.61407775878905","-0.1805179680904634","HOLD"
"2024-02-09","187.71632385253906","187.7878547668457","-0.019918901183146966","HOLD"
"2024-02-12","186.02651977539062","187.8607620239258","-0.5182302497509416","HOLD"
"2024-02-13","183.92916870117188","187.94246978759764","-1.171053586146778","BUY"
"2024-02-14","183.04452514648438","188.02710037231446","-1.5185784950576664","BUY"
"2024-02-15","182.7562713623047","187.80197982788087","-1.4520787745516555","BUY"
"2024-02-16","181.21554565429688","187.35438766479493","-1.6547216217575365","BUY"
"2024-02-20","180.47006225585938","186.75386962890624","-1.6525708270782375","BUY"
"2024-02-21","181.2255096435547","186.12709197998046","-1.3522531259154418","BUY"
"2024-02-22","183.26319885253906","185.6359519958496","-0.7191354958040448","HOLD"
"2024-02-23","181.42431640625","185.06924743652343","-1.220710498284072","BUY"
"2024-02-26","180.0724639892578","184.5218132019043","-1.5640075835434546","BUY"
"2024-02-27","181.5336456298828","184.08168869018556","-0.9876776030170449","HOLD"
"2024-02-28","180.33091735839844","183.76458663940429","-1.3050340460122452","BUY"
"2024-02-29","179.66493225097656","183.5948616027832","-1.4153888305974012","BUY"
"2024-03-01","178.58148193359375","183.2488571166992","-1.585621611800784","BUY"
"2024-03-04","174.0488739013672","182.72635650634766","-2.4499172079234093","BUY"
"2024-03-05","169.09873962402344","181.8655143737793","-2.8234419764200607","BUY"
"2024-03-06","168.104736328125","180.87455978393555","-2.4531679091368663","BUY"
"2024-03-07","167.98545837402344","179.87218170166017","-2.1066965732851877","BUY"
"2024-03-08","169.705078125","179.00988845825196","-1.6015272837806231","BUY"
"2024-03-11","171.7129669189453","178.20972061157227","-1.1486985707634934","BUY"
"2024-03-12","172.1900634765625","177.51789779663085","-0.9684474236592686","HOLD"
"2024-03-13","170.1027069091797","176.82657470703126","-1.2178660277848161","BUY"
"2024-03-14","171.9614715576172","176.27242202758788","-0.7947220225210899","HOLD"
"2024-03-15","171.58372497558594","175.71379470825195","-0.77898043394747","HOLD"
"2024-03-18","172.67713928222656","175.28687438964843","-0.5034067282865946","HOLD"
"2024-03-19","175.02296447753906","175.01451950073243","0.0016736209195439902","HOLD"
"2024-03-20","177.597412109375","174.83311462402344","0.566230166506936","HOLD"
"2024-03-21","170.3412322998047","174.18701629638673","-0.8418012120691295","HOLD"
"2024-03-22","171.24578857421875","173.67808990478517","-0.566633495514646","HOLD"
"2024-03-25","169.82437133789062","173.1656852722168","-0.8137075676297526","HOLD"
"2024-03-26","168.69122314453125","172.52356414794923","-1.0261014972676745","BUY"
"2024-03-27","172.26959228515625","172.1204978942871","0.04548992973664287","HOLD"
"2024-03-28","170.45057678222656","171.6597801208496","-0.43231576546803324","HOLD"
"2024-04-01","169.00929260253906","171.18117065429686","-0.9219019810326251","HOLD"
"2024-04-02","167.82643127441406","170.87004852294922","-1.2856078165485645","BUY"
"2024-04-03","168.63156127929688","170.8466896057129","-0.9279814872099297","HOLD"
"2024-04-04","167.8065643310547","170.83178100585937","-1.2578958888428746","BUY"
"2024-04-05","168.56199645996094","170.86060791015626","-0.9682656634428293","HOLD"
"2024-04-08","167.4387664794922","170.74729232788087","-1.3350523633146996","BUY"
"2024-04-09","168.65145874023438","170.5942169189453","-0.7745644258002845","HOLD"
"2024-04-10","166.7727813720703","170.3233528137207","-1.3595338280082745","BUY"
"2024-04-11","173.98919677734375","170.5176773071289","1.271676146248232","SELL"
"2024-04-12","175.49014282226562","170.69411087036133","1.639906907727222","SELL"
"2024-04-15","171.6533203125","170.69759063720704","0.3266699860404733","HOLD"
"2024-04-16","168.36322021484375","170.48189468383788","-0.7229003475714983","HOLD"
"2024-04-17","166.99148559570312","170.0803207397461","-1.0916319897770799","BUY"
"2024-04-18","166.0372314453125","169.50231170654297","-1.455929588282975","BUY"
"2024-04-19","164.0094757080078","169.18572387695312","-1.9512267345811467","BUY"
"2024-04-22","164.84445190429688","168.86565704345702","-1.4524336317830604","BUY"
"2024-04-23","165.89808654785156","168.6693428039551","-0.9785058098405585","HOLD"
"2024-04-24","168.00537109375","168.63505020141602","-0.22204575071746882","HOLD"
"2024-04-25","168.87013244628906","168.46507720947267","0.1493542104049911","HOLD"
"2024-04-26","168.28367614746094","168.3567321777344","-0.027325265311602565","HOLD"
"2024-04-29","172.45846557617188","168.52919082641603","1.3946092334885984","SELL"
"2024-04-30","169.3074951171875","168.60324401855468","0.24995662418038744","HOLD"
"2024-05-01","168.28367614746094","168.5858497619629","-0.10721693605074904","HOLD"
"2024-05-02","171.99127197265625","168.79508514404296","1.0996041380895303","SELL"
"2024-05-03","182.27914428710938","169.4809425354004","3.0979566571912334","SELL"
"2024-05-06","180.61917114257812","170.13996276855468","2.2030130211899355","SELL"
"2024-05-07","181.30503845214844","170.77264175415038","1.9781576791288462","SELL"
"2024-05-08","181.64297485351562","171.51615142822266","1.7654202029983521","SELL"
"2024-05-09","183.46202087402344","171.98979263305665","1.8251509438949574","SELL"
"2024-05-10","182.1979217529297","172.32518157958984","1.488466920661378","SELL"
"2024-05-13","185.41287231445312","173.0131591796875","1.7184923944120774","SELL"
"2024-05-14","186.55752563476562","173.9228744506836","1.6403564941518232","SELL"
"2024-05-15","188.83688354492188","175.01514434814453","1.690452193952276","SELL"
"2024-05-16","188.95631408691406","176.1610984802246","1.5160883427433043","SELL"
"2024-05-17","188.9861602783203","177.40993270874023","1.37862376910443","SELL"
"2024-05-20","190.15072631835938","178.67524642944335","1.3801909897630475","SELL"
"2024-05-21","191.4546356201172","179.95307388305665","1.3999307700670636","SELL"
"2024-05-22","190.01136779785156","181.05337371826172","1.117917401834413","SELL"
"2024-05-23","186.0100860595703","181.91037139892578","0.5416805033602363","HOLD"
"2024-05-24","189.0956573486328","182.9509704589844","0.8733979135211486","HOLD"
"2024-05-28","189.10560607910156","183.78332748413087","0.7917015532001961","HOLD"
"2024-05-29","189.40420532226562","184.78816299438478","0.777089024220789","HOLD"
"2024-05-30","190.39956665039062","185.89395751953126","0.9602205793779486","HOLD"
"2024-05-31","191.35508728027344","186.8621482849121","1.250602351675085","SELL"
"2024-06-03","193.12681579589844","187.40453186035157","1.55597729112912","SELL"
"2024-06-04","193.44532775878906","188.04583969116212","1.518960584156145","SELL"
"2024-06-05","194.95823669433594","188.72849960327147","1.7772290899249452","SELL"
"2024-06-06","193.57470703125","189.3250862121582","1.305548357806733","SELL"
"2024-06-07","195.97348022460938","189.9506591796875","1.8416374237972262","SELL"
"2024-06-10","192.22103881835938","190.451815032959","0.6377250262054766","HOLD"
"2024-06-11","206.1857147216797","191.4904571533203","3.490367988815967","SELL"
"2024-06-12","212.07818603515625","192.76649017333983","3.2153207054996042","SELL"
"2024-06-13","213.2427520751953","193.9867835998535","2.6017662709997547","SELL"
"2024-06-14","211.50088500976562","195.1140121459961","1.9933989458450276","SELL"
"2024-06-17","215.6614227294922","196.4477752685547","2.0836315182658596","SELL"
"2024-06-18","213.29248046875","197.60486297607423","1.6019719486188408","SELL"
"2024-06-20","208.70396423339844","198.4673294067383","1.0266388817386598","SELL"
"2024-06-21","206.52415466308594","199.29296875","0.7289369408524224","HOLD"
"2024-06-24","207.17112731933594","200.35102081298828","0.7127049074737841","HOLD"
"2024-06-25","208.0968017578125","201.30107803344725","0.7271789106810975","HOLD"
"2024-06-26","212.25733947753906","202.45866470336915","1.0655731952301424","SELL"
"2024-06-27","213.1033935546875","203.64362411499025","1.0556499741771914","SELL"
"2024-06-28","209.63955688476562","204.605623626709","0.5916017239615741","HOLD"
"2024-07-01","215.7410430908203","205.82492141723634","1.199535309458896","SELL"
"2024-07-02","219.24465942382812","207.1308135986328","1.473639653688271","SELL"
"2024-07-03","220.51869201660156","208.48448181152344","1.4887827188368208","SELL"
"2024-07-05","225.28640747070312","210.0008903503418","1.853548755819734","SELL"
"2024-07-08","226.759521484375","211.66013107299804","1.86135377697789","SELL"
"2024-07-09","227.61550903320312","213.24223251342772","1.8004978076736502","SELL"
"2024-07-10","231.89549255371094","215.2259552001953","2.245782373650944","SELL"
"2024-07-11","226.5106964111328","216.24220428466796","1.3679999896807027","SELL"
"2024-07-12","229.4668426513672","217.11163711547852","1.550898489833287","SELL"
"2024-07-15","233.3088836669922","218.11494369506835","1.7564679954065043","SELL"
"2024-07-16","233.7269287109375","219.22624588012695","1.5860128487287364","SELL"
"2024-07-17","227.8145751953125","219.83390350341796","0.859204875614784","HOLD"
"2024-07-18","223.13645935058594","220.32610244750975","0.3058375460907024","HOLD"
"2024-07-19","223.26583862304688","221.0541961669922","0.2510849045844232","HOLD"
"2024-07-22","222.91749572753906","221.87386322021484","0.1279470947270422","HOLD"
"2024-07-23","223.9626007080078","222.71343688964845","0.16807500462944078","HOLD"
"2024-07-24","217.52272033691406","223.18473281860352","-0.8377365351321212","HOLD"
"2024-07-25","216.4776153564453","223.39574661254883","-1.0685801244974964","BUY"
"2024-07-26","216.9454345703125","223.58784866333008","-1.0682876698701362","BUY"
"2024-07-29","217.22412109375","223.9670768737793","-1.2147102619108388","BUY"
"2024-07-30","217.78150939941406","224.069100189209","-1.1609145725983399","BUY"
"2024-07-31","221.04623413085938","224.15917892456054","-0.581896562126941","HOLD"
"2024-08-01","217.34353637695312","224.00042114257812","-1.2102711301901445","BUY"
"2024-08-02","218.83657836914062","223.6779296875","-0.8639741023288163","HOLD"
"2024-08-05","208.29588317871094","222.7547477722168","-2.2336202047456464","BUY"
"2024-08-06","206.26536560058594","221.68724060058594","-2.1148189037553227","BUY"
"2024-08-07","208.8433074951172","220.53463134765624","-1.578081012186918","BUY"
"2024-08-08","212.3170623779297","219.8249496459961","-1.0035164663073135","BUY"
"2024-08-09","215.2334442138672","219.1132797241211","-0.5386928735796785","HOLD"
"2024-08-12","216.76803588867188","218.28623733520507","-0.23598755987733755","HOLD"
"2024-08-13","220.49493408203125","217.62463760375977","0.5305000413389477","HOLD"
"2024-08-14","220.943359375","217.28107681274415","0.7396670047229338","HOLD"
"2024-08-15","223.93284606933594","217.32089614868164","1.3220885327721177","SELL"
"2024-08-16","225.25819396972656","217.42051391601564","1.5258574165988985","SELL"
"2024-08-19","225.0987548828125","217.5295768737793","1.4353330177621475","SELL"
"2024-08-20","225.71658325195312","217.61727600097657","1.5018326184173283","SELL"
"2024-08-21","225.60694885253906","218.0214874267578","1.3385962218830052","SELL"
"2024-08-22","223.74351501464844","218.38478240966796","0.9258793200464159","HOLD"
"2024-08-23","226.04542541503906","218.83978195190429","1.1989208644035507","SELL"
"2024-08-26","226.38421630859375","219.29778671264648","1.1402020206053818","SELL"
"2024-08-27","227.2312469482422","219.7702735900879","1.1590642335310064","SELL"
"2024-08-28","225.69664001464844","220.00279388427734","0.8677340602120418","HOLD"
"2024-08-29","228.98509216308594","220.584871673584","1.2332196601214882","SELL"
"2024-08-30","228.19786071777344","221.0529357910156","1.0214949928972463","SELL"
"2024-09-03","221.9896697998047","221.7376251220703","0.039672620941407964","HOLD"
"2024-09-04","220.07640075683594","222.4281768798828","-0.44401883611100157","HOLD"
"2024-09-05","221.6010284423828","223.0660629272461","-0.34104235785619835","HOLD"
"2024-09-06","220.04652404785156","223.4525360107422","-0.9452766938127681","HOLD"
"2024-09-09","220.1361846923828","223.69767303466796","-1.1209227256445742","BUY"
"2024-09-10","219.33900451660156","223.82622146606445","-1.5276871357843116","BUY"
"2024-09-11","221.8800506591797","223.89547729492188","-0.7013748502769392","HOLD"
"2024-09-12","221.9896697998047","223.94779281616212","-0.6922866016135406","HOLD"
"2024-09-13","221.7206268310547","223.83718185424806","-0.737511390344478","HOLD"
"2024-09-16","215.56227111816406","223.3523857116699","-2.3149809401372994","BUY"
"2024-09-17","216.03060913085938","222.89897842407225","-1.8592948134184286","BUY"
"2024-09-18","219.91696166992188","222.6089973449707","-0.7297189571513782","HOLD"
"2024-09-19","228.0683135986328","222.7320655822754","1.394868390831996","SELL"
"2024-09-20","227.40065002441406","222.91492233276367","1.1342422301436699","SELL"
"2024-09-23","225.6767120361328","222.89648666381837","0.7054578468494512","HOLD"
"2024-09-24","226.5735626220703","222.90595397949218","0.9286007244228718","HOLD"
"2024-09-25","225.5770721435547","222.8232452392578","0.7107059145702391","HOLD"
"2024-09-26","226.72303771972656","222.87456512451172","0.9819941027375656","HOLD"
"2024-09-27","226.99208068847656","222.77491455078126","1.1140434769240763","SELL"
"2024-09-30","232.18385314941406","222.97421417236328","2.217679549342606","SELL"
"2024-10-01","225.41763305664062","223.14561233520507","0.5436352243552036","HOLD"
"2024-10-02","225.9856414794922","223.4410743713379","0.6115682706008481","HOLD"
"2024-10-03","224.8795166015625","223.60499877929686","0.307144609873453","HOLD"
"2024-10-04","226.0055694580078","223.9029510498047","0.513213250361798","HOLD"
"2024-10-07","220.91346740722656","223.9418151855469","-0.7450522947708205","HOLD"
"2024-10-08","224.9791717529297","224.22382354736328","0.19225567401422727","HOLD"
"2024-10-09","228.7359619140625","224.5666191101074","1.0403270928903114","SELL"
"2024-10-10","228.2377166748047","224.87902145385743","0.8317561890342283","HOLD"
"2024-10-11","226.75294494628906","225.13063735961913","0.40660029051691554","HOLD"
"2024-10-14","230.48980712890625","225.87701416015625","1.3195126000595745","SELL"
"2024-10-15","233.03086853027344","226.72702713012694","2.0772304684900535","SELL"
"2024-10-16","230.96810913085938","227.27958450317382","1.3482275925546179","SELL"
"2024-10-17","231.33682250976562","227.44300994873046","1.3556494758991209","SELL"
"2024-10-18","234.1768341064453","227.78181915283204","1.9827847174199122","SELL"
"2024-10-21","235.6516571044922","228.28056640625","2.0421152550177","SELL"
"2024-10-22","235.03382873535156","228.70357971191407","1.6353110136076037","SELL"
"2024-10-23","229.95169067382812","228.92231063842775","0.27008876993020264","HOLD"
"2024-10-24","229.7623748779297","229.07427749633788","0.1819873348928036","HOLD"
"2024-10-25","230.5994110107422","229.25464401245117","0.3573288222971578","HOLD"
"2024-10-28","232.5824432373047","229.2745735168457","0.8751287079199741","HOLD"
"2024-10-29","232.85150146484375","229.64626693725586","0.8552567785402946","HOLD"
"2024-10-30","229.2939910888672","229.81168441772462","-0.14166646495033028","HOLD"
"2024-10-31","225.11868286132812","229.8236427307129","-1.2931011767828406","BUY"
"2024-11-01","222.12918090820312","229.62982330322265","-1.909325005880267","BUY"
"2024-11-04","221.23233032226562","229.6457664489746","-2.160886569040214","BUY"
"2024-11-05","222.66729736328125","229.5301727294922","-1.6899244483870268","BUY"
"2024-11-06","221.93984985351562","229.19036712646485","-1.6535856479880466","BUY"
"2024-11-07","226.6831817626953","229.11264038085938","-0.5503236843039395","HOLD"
"2024-11-08","226.41383361816406","229.09568481445314","-0.6061679855807863","HOLD"
"2024-11-11","223.69039916992188","228.7557144165039","-1.110049821426766","BUY"
"2024-11-12","223.69039916992188","228.28869094848633","-1.0040709035113835","BUY"
"2024-11-13","224.57826232910156","227.96919860839844","-0.7364555320738359","HOLD"
"2024-11-14","227.67080688476562","227.78589782714843","-0.025354910284597725","HOLD"
"2024-11-15","224.4585418701172","227.29998321533202","-0.6539472907798263","HOLD"
"2024-11-18","227.47128295898438","226.89096450805664","0.14872037746049088","HOLD"
"2024-11-19","227.73065185546875","226.5258056640625","0.35055405389402144","HOLD"
"2024-11-20","228.44891357421875","226.45066680908204","0.591693455525597","HOLD"
"2024-11-21","227.97007751464844","226.36105194091797","0.48592915806191106","HOLD"
"2024-11-22","229.3168182373047","226.2969223022461","0.932013062477824","HOLD"
"2024-11-25","232.30960083007812","226.28328018188478","1.8749265580528445","SELL"
"2024-11-26","234.49432373046875","226.36542129516602","2.3931230674646233","SELL"
"2024-11-27","234.36465454101562","226.61895446777345","2.0522917420109454","SELL"
"2024-11-29","236.75888061523438","227.20096435546876","2.1965549953577423","SELL"
"2024-12-02","239.013427734375","228.04517669677733","2.243007065962437","SELL"
"2024-12-03","242.06607055664062","229.08686370849608","2.356536219702197","SELL"
"2024-12-04","242.42520141601562","230.07475891113282","2.0528726894805542","SELL"
"2024-12-05","242.4551239013672","231.10052261352538","1.8067154934119878","SELL"
"2024-12-06","242.25559997558594","231.87914352416993","1.5618816966708133","SELL"
"2024-12-09","246.1562042236328","232.86626205444335","1.8454561166530372","SELL"
"2024-12-10","247.1737518310547","234.0404296875","1.747115790813288","SELL"
"2024-12-11","245.89682006835938","235.15075073242187","1.4240114229977923","SELL"
"2024-12-12","247.36329650878906","236.29000244140624","1.4600775888375963","SELL"
"2024-12-13","247.5328826904297","237.28310623168946","1.332859825508171","SELL"
"2024-12-16","250.4358673095703","238.58197250366212","1.55815506036627","SELL"
"2024-12-17","252.8699951171875","239.85190811157227","1.6764617230483385","SELL"
"2024-12-18","247.4530792236328","240.83802947998046","0.8930390108344372","HOLD"
"2024-12-19","249.1888885498047","241.87502822875976","1.0384381455796186","SELL"
"2024-12-20","253.87759399414062","243.17040405273437","1.5879773414324263","SELL"
"2024-12-23","254.6557159423828","244.43734893798828","1.598614860779274","SELL"
"2024-12-24","257.57867431640625","245.7008026123047","1.8654576135886105","SELL"
"2024-12-26","258.39666748046875","246.8959197998047","1.7984455511792905","SELL"
"2024-12-27","254.9749298095703","247.92643356323242","1.1872863605412278","SELL"
"2024-12-30","251.5930938720703","248.66814422607422","0.5419351343476577","HOLD"
"2024-12-31","249.8173828125","249.20834197998047","0.12369362643793336","HOLD"
"2025-01-02","243.26319885253906","249.2681983947754","-1.239879329722308","BUY"
"2025-01-03","242.7743682861328","249.28565673828126","-1.3511465896146146","BUY"
"2025-01-06","244.41041564941406","249.3834213256836","-1.0585752393768948","BUY"
"2025-01-07","241.62713623046875","249.35199813842775","-1.6272311319140396","BUY"
"2025-01-08","242.11593627929688","249.14998474121094","-1.4181179510355466","BUY"
"2025-01-10","236.280029296875","248.60529861450195","-2.1655726426707402","BUY"
"2025-01-13","233.83592224121094","248.00225372314452","-2.1712547067060015","BUY"
"2025-01-14","232.71861267089844","247.27001953125","-1.9858692842955878","BUY"
"2025-01-15","237.2975616455078","246.7582534790039","-1.2379984802654167","BUY"
"2025-01-16","227.710693359375","245.62199478149415","-2.074143234208588","BUY"
"2025-01-17","229.4265594482422","244.44982299804687","-1.642243599121445","BUY"
"2025-01-21","222.10421752929688","243.18237991333007","-2.04156994907086","BUY"
"2025-01-22","223.29135131835938","241.88750305175782","-1.677460560330877","BUY"
"2025-01-23","223.1217803955078","240.34971237182617","-1.5054885539858673","BUY"
"2025-01-24","222.24388122558594","238.72912063598633","-1.4215458762597963","BUY"
"2025-01-27","229.3068389892578","237.3155288696289","-0.7336658294479163","HOLD"
"2025-01-28","237.68663024902344","236.28002700805663","0.14365606860025912","HOLD"
"2025-01-29","238.78399658203125","235.4704803466797","0.37504739976226725","HOLD"
"2025-01-30","237.0182342529297","234.74173736572266","0.2831330095838499","HOLD"
"2025-01-31","235.4320831298828","234.0224723815918","0.1940088640243554","HOLD"
"2025-02-03","227.4613037109375","233.2323776245117","-0.8157528019677099","HOLD"
"2025-02-04","232.23977661132812","232.70564804077148","-0.06924180760323312","HOLD"
"2025-02-05","231.9105682373047","232.080655670166","-0.02757030853321733","HOLD"
"2025-02-06","232.6587677001953","231.63223724365236","0.17784065853617828","HOLD"
"2025-02-07","227.08221435546875","230.88055114746095","-0.7140928292822472","HOLD"
"2025-02-10","227.3518524169922","230.43414230346679","-0.5903676372585305","HOLD"
"2025-02-11","232.3153533935547","230.35811386108398","0.3777141745469724","HOLD"
"2025-02-12","236.55978393554688","230.5501724243164","1.126521710392822","SELL"
"2025-02-13","241.21368408203125","230.74597854614257","1.8553979344699898","SELL"
"2025-02-14","244.2796630859375","231.5744270324707","2.012891776208622","SELL"
"2025-02-18","244.14984130859375","232.3105911254883","1.7273928201505342","SELL"
"2025-02-19","244.54930114746094","233.43284530639647","1.6045844170420893","SELL"
"2025-02-20","245.508056640625","234.54368057250977","1.5677740682911505","SELL"
"2025-02-21","245.22842407226562","235.64901275634764","1.3991804646882924","SELL"
"2025-02-24","246.77639770507812","236.87563858032226","1.517364441703152","SELL"
"2025-02-25","246.71646118164062","237.7461196899414","1.355487148602899","SELL"
"2025-02-26","240.0452117919922","237.86404876708986","0.3286529234724261","HOLD"
"2025-02-27","236.98922729492188","237.77431030273436","-0.1183108638132709","HOLD"
"2025-02-28","241.5232696533203","237.99956207275392","0.5272980303200411","HOLD"
"2025-03-03","237.71826171875","238.11387100219727","-0.059425936269378137","HOLD"
"2025-03-04","235.6210174560547","238.52185668945313","-0.4657708316045807","HOLD"
"2025-03-05","235.4312744140625","238.68143157958986","-0.5324023613287044","HOLD"
"2025-03-06","235.0218048095703","238.8369934082031","-0.639242253540814","HOLD"
"2025-03-07","238.7569122314453","239.14190063476562","-0.06639762820047997","HOLD"
"2025-03-10","227.1820831298828","239.14689407348632","-2.0672214170389003","BUY"
"2025-03-11","220.55078125","238.8068405151367","-2.7610529435287807","BUY"
"2025-03-12","216.69583129882812","238.0258644104004","-2.636627173761695","BUY"
"2025-03-13","209.4053955078125","236.66814498901368","-2.6675411770298294","BUY"
"2025-03-14","213.21041870117188","235.2679817199707","-1.9422727400732889","BUY"
"2025-03-17","213.71974182128906","233.73998565673827","-1.6580641280860144","BUY"
"2025-03-18","212.4114532470703","232.1530662536621","-1.5577859110176824","BUY"
"2025-03-19","214.95811462402344","230.67350692749022","-1.2215462347155073","BUY"
"2025-03-20","213.81961059570312","229.08908462524414","-1.1844222413378678","BUY"
"2025-03-21","217.98414611816406","227.72687072753905","-0.7763484948676288","HOLD"
"2025-03-24","220.44091796875","226.41009674072265","-0.5040124772050986","HOLD"
"2025-03-25","223.45697021484375","225.24712219238282","-0.16428928291891887","HOLD"
"2025-03-26","221.2398681640625","224.30685501098634","-0.2955318758962325","HOLD"
"2025-03-27","223.5568389892578","223.63523559570314","-0.007869828748288881","HOLD"
"2025-03-28","217.6146240234375","222.43980331420897","-0.5276681523715767","HOLD"
"2025-03-31","221.83909606933594","221.64584503173828","0.022880740195698503","HOLD"
"2025-04-01","222.897705078125","221.0096794128418","0.2412558314148354","HOLD"
"2025-04-02","223.59678649902344","220.41795501708984","0.44587391879030636","HOLD"
"2025-04-03","202.9239044189453","218.81305999755858","-2.1847767000802962","BUY"
"2025-04-04","188.13330078125","216.28187942504883","-3.279763642711326","BUY"
"2025-04-07","181.2223663330078","213.98389358520507","-2.943302321247878","BUY"
"2025-04-08","172.19419860839844","211.566064453125","-2.7619133699713667","BUY"
"2025-04-09","198.58958435058594","210.6607521057129","-0.8339884687257764","HOLD"
"2025-04-10","190.17062377929688","209.69901351928712","-1.2891055363953077","BUY"
"2025-04-11","197.89048767089844","208.93301696777343","-0.7199451889983391","HOLD"
"2025-04-14","202.25477600097656","208.35976867675782","-0.3973924480056008","HOLD"
"2025-04-15","201.87527465820312","207.83295974731445","-0.3869814254461317","HOLD"
"2025-04-16","194.0155792236328","206.78583297729492","-0.8193376050505315","HOLD"
"2025-04-17","196.72203063964844","205.9309539794922","-0.5885947489781624","HOLD"
"2025-04-21","192.9070281982422","204.6770980834961","-0.7528383063399282","HOLD"
"2025-04-22","199.47842407226562","203.62897338867188","-0.27234556053896963","HOLD"
"2025-04-23","204.33206176757812","202.6727279663086","0.11404133243584384","HOLD"
"2025-04-24","208.09710693359375","202.01558990478514","0.4349345264594983","HOLD"
"2025-04-25","209.00592041015625","201.28804397583008","0.5847113634107705","HOLD"
"2025-04-28","209.8647918701172","200.90055236816406","0.699082429756538","HOLD"
"2025-04-29","210.9333953857422","200.3552673339844","0.8717570805381408","HOLD"
"2025-04-30","212.22171020507812","199.82146759033202","1.0935285642393726","SELL"
